-- phpMyAdmin SQL Dump
-- version 5.2.1
-- https://www.phpmyadmin.net/
--
-- Host: 127.0.0.1
-- Generation Time: Aug 09, 2023 at 11:10 AM
-- Server version: 10.4.28-MariaDB
-- PHP Version: 8.2.4

SET SQL_MODE = "NO_AUTO_VALUE_ON_ZERO";
START TRANSACTION;
SET time_zone = "+00:00";


/*!40101 SET @OLD_CHARACTER_SET_CLIENT=@@CHARACTER_SET_CLIENT */;
/*!40101 SET @OLD_CHARACTER_SET_RESULTS=@@CHARACTER_SET_RESULTS */;
/*!40101 SET @OLD_COLLATION_CONNECTION=@@COLLATION_CONNECTION */;
/*!40101 SET NAMES utf8mb4 */;

--
-- Database: `stkrhub_db`
--

-- --------------------------------------------------------

--
-- Table structure for table `added_game_components`
--

CREATE TABLE `added_game_components` (
  `added_component_id` int(11) NOT NULL,
  `game_id` int(11) NOT NULL,
  `component_id` int(11) NOT NULL,
  `is_custom_design` tinyint(1) NOT NULL,
  `custom_design_file_path` varchar(255) DEFAULT NULL,
  `quantity` int(11) DEFAULT 1,
  `color_id` int(11) DEFAULT NULL,
  `size` varchar(50) DEFAULT NULL
) ENGINE=InnoDB DEFAULT CHARSET=utf8mb4 COLLATE=utf8mb4_unicode_ci;

--
-- Dumping data for table `added_game_components`
--

INSERT INTO `added_game_components` (`added_component_id`, `game_id`, `component_id`, `is_custom_design`, `custom_design_file_path`, `quantity`, `color_id`, `size`) VALUES
(222, 26, 3, 0, NULL, 1, 3, '7x7'),
(223, 26, 4, 1, 'uploads/stkrhub_db.sql', 1, NULL, '10x10');

-- --------------------------------------------------------

--
-- Table structure for table `cart`
--

CREATE TABLE `cart` (
  `cart_id` int(11) NOT NULL,
  `user_id` int(11) NOT NULL,
  `game_id` int(11) DEFAULT NULL,
  `added_component_id` int(11) DEFAULT NULL,
  `quantity` int(11) NOT NULL,
  `price` decimal(10,2) NOT NULL
) ENGINE=InnoDB DEFAULT CHARSET=utf8mb4 COLLATE=utf8mb4_general_ci;

--
-- Dumping data for table `cart`
--

INSERT INTO `cart` (`cart_id`, `user_id`, `game_id`, `added_component_id`, `quantity`, `price`) VALUES
(1, 3, 26, NULL, 3, 0.00),
(2, 3, 26, NULL, 3, 21.00),
(3, 3, 26, NULL, 1, 21.00),
(4, 3, 26, NULL, 1, 21.00),
(5, 3, 26, NULL, 1, 21.00);

-- --------------------------------------------------------

--
-- Table structure for table `component_assets`
--

CREATE TABLE `component_assets` (
  `asset_id` int(11) NOT NULL,
  `component_id` int(11) DEFAULT NULL,
  `asset_path` varchar(255) DEFAULT NULL
) ENGINE=InnoDB DEFAULT CHARSET=utf8mb4 COLLATE=utf8mb4_unicode_ci;

--
-- Dumping data for table `component_assets`
--

INSERT INTO `component_assets` (`asset_id`, `component_id`, `asset_path`) VALUES
(1, 2, 'assets\\component_assets/asset1.jpg'),
(2, 2, 'assets\\component_assets/asset2.jpg'),
(3, 2, 'assets\\component_assets/asset3.jpg'),
(4, 1, 'assets\\component_assets/asset4.jpg'),
(5, 1, 'assets\\component_assets/asset5.jpg');

-- --------------------------------------------------------

--
-- Table structure for table `component_colors`
--

CREATE TABLE `component_colors` (
  `color_id` int(11) NOT NULL,
  `component_id` int(11) DEFAULT NULL,
  `color_name` varchar(255) NOT NULL,
  `color_code` varchar(10) NOT NULL
) ENGINE=InnoDB DEFAULT CHARSET=utf8mb4 COLLATE=utf8mb4_unicode_ci;

--
-- Dumping data for table `component_colors`
--

INSERT INTO `component_colors` (`color_id`, `component_id`, `color_name`, `color_code`) VALUES
(1, 3, 'red', '#FF0000'),
(2, 3, 'blue', ' #0000FF'),
(3, 3, 'white', '#FFFFFF');

-- --------------------------------------------------------

--
-- Table structure for table `component_templates`
--

CREATE TABLE `component_templates` (
  `template_id` int(11) NOT NULL,
  `component_id` int(11) NOT NULL,
  `template_name` varchar(255) NOT NULL,
  `template_file_path` varchar(255) NOT NULL
) ENGINE=InnoDB DEFAULT CHARSET=utf8mb4 COLLATE=utf8mb4_unicode_ci;

--
-- Dumping data for table `component_templates`
--

INSERT INTO `component_templates` (`template_id`, `component_id`, `template_name`, `template_file_path`) VALUES
(1, 1, 'side 1', 'assets\\component_templates/template1.bin'),
(2, 1, 'side 2', 'assets\\component_templates/template2.png'),
(3, 2, 'side 3', 'assets\\component_templates/template3.jpg');

-- --------------------------------------------------------

--
-- Table structure for table `games`
--

CREATE TABLE `games` (
  `game_id` int(11) NOT NULL,
  `name` varchar(255) NOT NULL,
  `description` text NOT NULL,
  `category` varchar(100) NOT NULL,
  `user_id` int(11) NOT NULL,
  `created_at` datetime NOT NULL DEFAULT current_timestamp(),
  `is_published` tinyint(1) NOT NULL DEFAULT 0,
  `is_purchased` tinyint(1) NOT NULL DEFAULT 0
) ENGINE=InnoDB DEFAULT CHARSET=utf8mb4 COLLATE=utf8mb4_unicode_ci;

--
-- Dumping data for table `games`
--

INSERT INTO `games` (`game_id`, `name`, `description`, `category`, `user_id`, `created_at`, `is_published`, `is_purchased`) VALUES
(26, 'game game', 'desc', 'action', 3, '2023-08-09 07:09:59', 0, 0);

-- --------------------------------------------------------

--
-- Table structure for table `game_components`
--

CREATE TABLE `game_components` (
  `component_id` int(11) NOT NULL,
  `component_name` varchar(100) NOT NULL,
  `description` text DEFAULT NULL,
  `price` decimal(10,2) NOT NULL,
  `category` varchar(50) NOT NULL,
  `assets` varchar(255) DEFAULT NULL,
  `has_colors` tinyint(1) DEFAULT 0,
  `size` varchar(20) DEFAULT NULL
) ENGINE=InnoDB DEFAULT CHARSET=utf8mb4 COLLATE=utf8mb4_unicode_ci;

--
-- Dumping data for table `game_components`
--

INSERT INTO `game_components` (`component_id`, `component_name`, `description`, `price`, `category`, `assets`, `has_colors`, `size`) VALUES
(1, 'Tarrot Cards', NULL, 12.00, 'card', NULL, 0, '7x7'),
(2, 'Box', 'box box', 11.00, 'box', NULL, 0, '7x7'),
(3, 'Dice', 'dice desc', 7.00, 'game piece', NULL, 1, '7x7'),
(4, 'Tarrot Card 2', 'desc', 14.00, 'card', NULL, 0, '10x10');

-- --------------------------------------------------------

--
-- Table structure for table `published_games`
--

CREATE TABLE `published_games` (
  `publish_id` int(11) NOT NULL,
  `user_id` int(11) NOT NULL,
  `game_id` int(11) NOT NULL,
  `purchase_id` int(11) NOT NULL,
  `complete_game_name` varchar(255) NOT NULL,
  `edition` varchar(255) NOT NULL,
  `marketplace_price` decimal(10,2) NOT NULL,
  `publish_date` datetime NOT NULL
) ENGINE=InnoDB DEFAULT CHARSET=utf8mb4 COLLATE=utf8mb4_unicode_ci;

-- --------------------------------------------------------

--
-- Table structure for table `purchased_games`
--

CREATE TABLE `purchased_games` (
  `purchase_id` int(11) NOT NULL,
  `user_id` int(11) DEFAULT NULL,
  `game_id` int(11) DEFAULT NULL,
  `purchase_date` timestamp NOT NULL DEFAULT current_timestamp(),
  `is_published` int(11) NOT NULL DEFAULT 1,
  `price` decimal(10,2) NOT NULL DEFAULT 0.00
) ENGINE=InnoDB DEFAULT CHARSET=utf8mb4 COLLATE=utf8mb4_unicode_ci;

-- --------------------------------------------------------

--
-- Table structure for table `users`
--

CREATE TABLE `users` (
  `user_id` int(11) NOT NULL,
  `username` varchar(50) NOT NULL,
  `email` varchar(100) NOT NULL,
  `password` varchar(255) NOT NULL,
  `created_at` timestamp NOT NULL DEFAULT current_timestamp(),
  `shipping_address` text DEFAULT NULL,
  `avatar` varchar(255) DEFAULT NULL
) ENGINE=InnoDB DEFAULT CHARSET=utf8mb4 COLLATE=utf8mb4_unicode_ci;

--
-- Dumping data for table `users`
--

INSERT INTO `users` (`user_id`, `username`, `email`, `password`, `created_at`, `shipping_address`, `avatar`) VALUES
(3, 'denzel', 'denzelgo17@gmail.com', '$2y$10$ARZ0Q6SNMcoKJIvaaiGwZeb/T0EtfPk9HMj.XvGnVgdcMYL8ZkwKa', '2023-08-02 09:11:37', 'asd', 'avatars/8173e568598f81410724842698d17181.jpg'),
(4, 'jerrick', 'jerrick@gmail.com', '$2y$10$GLMUnEDCDln02y6c/zMR9O2W78THngXnkxL06sair.wT5gt9Bx7Ya', '2023-08-02 09:14:19', NULL, NULL),
(5, 'jp', 'jp@gmail.com', '$2y$10$4B39cJlUoie9r2lN65LRbu.1YdKsDgMdfuIPUJECdFlgsUBNSWQn.', '2023-08-03 05:09:20', NULL, NULL);

-- --------------------------------------------------------

--
-- Table structure for table `user_logs`
--

CREATE TABLE `user_logs` (
  `log_id` int(11) NOT NULL,
  `user_id` int(11) NOT NULL,
  `event_type` enum('login','logout') NOT NULL,
  `timestamp` timestamp NOT NULL DEFAULT current_timestamp()
) ENGINE=InnoDB DEFAULT CHARSET=utf8mb4 COLLATE=utf8mb4_unicode_ci;

--
-- Dumping data for table `user_logs`
--

INSERT INTO `user_logs` (`log_id`, `user_id`, `event_type`, `timestamp`) VALUES
(1, 1, 'login', '2023-08-01 03:39:23'),
(2, 1, 'login', '2023-08-01 03:56:32'),
(3, 1, 'login', '2023-08-01 03:59:24'),
(4, 2, 'login', '2023-08-01 05:14:59'),
(5, 1, 'login', '2023-08-01 05:15:36'),
(6, 1, 'login', '2023-08-02 07:25:23'),
(7, 1, 'login', '2023-08-02 07:46:59'),
(8, 2, 'login', '2023-08-02 09:09:55'),
(9, 1, 'login', '2023-08-02 09:10:23'),
(10, 3, 'login', '2023-08-02 09:11:40'),
(11, 4, 'login', '2023-08-02 09:14:24'),
(12, 3, 'login', '2023-08-02 10:03:19'),
(13, 3, 'logout', '2023-08-02 10:04:34'),
(14, 4, 'login', '2023-08-02 10:04:56'),
(15, 4, 'logout', '2023-08-02 10:15:42'),
(16, 3, 'login', '2023-08-02 10:15:49'),
(17, 3, 'login', '2023-08-02 10:28:09'),
(18, 5, 'login', '2023-08-03 05:09:24'),
(19, 3, 'login', '2023-08-03 12:21:02'),
(20, 3, 'login', '2023-08-03 23:51:06'),
(21, 3, 'login', '2023-08-07 00:02:46'),
(22, 3, 'login', '2023-08-07 06:55:28'),
(23, 3, 'logout', '2023-08-07 08:06:42'),
(24, 4, 'login', '2023-08-07 08:06:45'),
(25, 4, 'logout', '2023-08-07 08:07:34'),
(26, 3, 'login', '2023-08-07 08:07:39'),
(27, 3, 'login', '2023-08-07 09:49:50'),
(28, 3, 'login', '2023-08-08 03:29:35'),
(29, 3, 'login', '2023-08-08 23:09:00');

--
-- Indexes for dumped tables
--

--
-- Indexes for table `added_game_components`
--
ALTER TABLE `added_game_components`
  ADD PRIMARY KEY (`added_component_id`),
  ADD KEY `game_id` (`game_id`),
  ADD KEY `component_id` (`component_id`),
  ADD KEY `FK_added_game_components_color` (`color_id`);

--
-- Indexes for table `cart`
--
ALTER TABLE `cart`
  ADD PRIMARY KEY (`cart_id`),
  ADD KEY `FK_cart_users` (`user_id`),
  ADD KEY `FK_cart_games` (`game_id`),
  ADD KEY `FK_cart_added_game_components` (`added_component_id`);

--
-- Indexes for table `component_assets`
--
ALTER TABLE `component_assets`
  ADD PRIMARY KEY (`asset_id`),
  ADD KEY `component_id` (`component_id`);

--
-- Indexes for table `component_colors`
--
ALTER TABLE `component_colors`
  ADD PRIMARY KEY (`color_id`),
  ADD KEY `component_id` (`component_id`);

--
-- Indexes for table `component_templates`
--
ALTER TABLE `component_templates`
  ADD PRIMARY KEY (`template_id`),
  ADD KEY `component_id` (`component_id`);

--
-- Indexes for table `games`
--
ALTER TABLE `games`
  ADD PRIMARY KEY (`game_id`),
  ADD KEY `user_id` (`user_id`);

--
-- Indexes for table `game_components`
--
ALTER TABLE `game_components`
  ADD PRIMARY KEY (`component_id`);

--
-- Indexes for table `published_games`
--
ALTER TABLE `published_games`
  ADD PRIMARY KEY (`publish_id`),
  ADD KEY `user_id` (`user_id`),
  ADD KEY `game_id` (`game_id`),
  ADD KEY `purchase_id` (`purchase_id`);

--
-- Indexes for table `purchased_games`
--
ALTER TABLE `purchased_games`
  ADD PRIMARY KEY (`purchase_id`),
  ADD KEY `user_id` (`user_id`),
  ADD KEY `game_id` (`game_id`);

--
-- Indexes for table `users`
--
ALTER TABLE `users`
  ADD PRIMARY KEY (`user_id`);

--
-- Indexes for table `user_logs`
--
ALTER TABLE `user_logs`
  ADD PRIMARY KEY (`log_id`);

--
-- AUTO_INCREMENT for dumped tables
--

--
-- AUTO_INCREMENT for table `added_game_components`
--
ALTER TABLE `added_game_components`
  MODIFY `added_component_id` int(11) NOT NULL AUTO_INCREMENT, AUTO_INCREMENT=224;

--
-- AUTO_INCREMENT for table `cart`
--
ALTER TABLE `cart`
  MODIFY `cart_id` int(11) NOT NULL AUTO_INCREMENT, AUTO_INCREMENT=6;

--
-- AUTO_INCREMENT for table `component_assets`
--
ALTER TABLE `component_assets`
  MODIFY `asset_id` int(11) NOT NULL AUTO_INCREMENT, AUTO_INCREMENT=6;

--
-- AUTO_INCREMENT for table `component_colors`
--
ALTER TABLE `component_colors`
  MODIFY `color_id` int(11) NOT NULL AUTO_INCREMENT, AUTO_INCREMENT=4;

--
-- AUTO_INCREMENT for table `component_templates`
--
ALTER TABLE `component_templates`
  MODIFY `template_id` int(11) NOT NULL AUTO_INCREMENT, AUTO_INCREMENT=4;

--
-- AUTO_INCREMENT for table `games`
--
ALTER TABLE `games`
  MODIFY `game_id` int(11) NOT NULL AUTO_INCREMENT, AUTO_INCREMENT=27;

--
-- AUTO_INCREMENT for table `game_components`
--
ALTER TABLE `game_components`
  MODIFY `component_id` int(11) NOT NULL AUTO_INCREMENT, AUTO_INCREMENT=5;

--
-- AUTO_INCREMENT for table `published_games`
--
ALTER TABLE `published_games`
  MODIFY `publish_id` int(11) NOT NULL AUTO_INCREMENT, AUTO_INCREMENT=62;

--
-- AUTO_INCREMENT for table `purchased_games`
--
ALTER TABLE `purchased_games`
  MODIFY `purchase_id` int(11) NOT NULL AUTO_INCREMENT, AUTO_INCREMENT=95;

--
-- AUTO_INCREMENT for table `users`
--
ALTER TABLE `users`
  MODIFY `user_id` int(11) NOT NULL AUTO_INCREMENT, AUTO_INCREMENT=6;

--
-- AUTO_INCREMENT for table `user_logs`
--
ALTER TABLE `user_logs`
  MODIFY `log_id` int(11) NOT NULL AUTO_INCREMENT, AUTO_INCREMENT=30;

--
-- Constraints for dumped tables
--

--
-- Constraints for table `added_game_components`
--
ALTER TABLE `added_game_components`
  ADD CONSTRAINT `FK_added_game_components_color` FOREIGN KEY (`color_id`) REFERENCES `component_colors` (`color_id`),
  ADD CONSTRAINT `added_game_components_ibfk_1` FOREIGN KEY (`game_id`) REFERENCES `games` (`game_id`) ON DELETE CASCADE,
  ADD CONSTRAINT `added_game_components_ibfk_2` FOREIGN KEY (`component_id`) REFERENCES `game_components` (`component_id`);

--
-- Constraints for table `cart`
--
ALTER TABLE `cart`
  ADD CONSTRAINT `FK_cart_added_game_components` FOREIGN KEY (`added_component_id`) REFERENCES `added_game_components` (`added_component_id`) ON DELETE CASCADE,
  ADD CONSTRAINT `FK_cart_games` FOREIGN KEY (`game_id`) REFERENCES `games` (`game_id`) ON DELETE CASCADE,
  ADD CONSTRAINT `FK_cart_users` FOREIGN KEY (`user_id`) REFERENCES `users` (`user_id`);

--
-- Constraints for table `component_assets`
--
ALTER TABLE `component_assets`
  ADD CONSTRAINT `component_assets_ibfk_1` FOREIGN KEY (`component_id`) REFERENCES `game_components` (`component_id`);

--
-- Constraints for table `component_colors`
--
ALTER TABLE `component_colors`
  ADD CONSTRAINT `component_colors_ibfk_1` FOREIGN KEY (`component_id`) REFERENCES `game_components` (`component_id`);

--
-- Constraints for table `component_templates`
--
ALTER TABLE `component_templates`
  ADD CONSTRAINT `component_templates_ibfk_1` FOREIGN KEY (`component_id`) REFERENCES `game_components` (`component_id`);

--
-- Constraints for table `games`
--
ALTER TABLE `games`
  ADD CONSTRAINT `games_ibfk_1` FOREIGN KEY (`user_id`) REFERENCES `users` (`user_id`);

--
-- Constraints for table `published_games`
--
ALTER TABLE `published_games`
  ADD CONSTRAINT `published_games_ibfk_1` FOREIGN KEY (`user_id`) REFERENCES `users` (`user_id`),
  ADD CONSTRAINT `published_games_ibfk_2` FOREIGN KEY (`game_id`) REFERENCES `games` (`game_id`),
  ADD CONSTRAINT `published_games_ibfk_3` FOREIGN KEY (`purchase_id`) REFERENCES `purchased_games` (`purchase_id`);

--
-- Constraints for table `purchased_games`
--
ALTER TABLE `purchased_games`
  ADD CONSTRAINT `purchased_games_ibfk_1` FOREIGN KEY (`user_id`) REFERENCES `users` (`user_id`),
  ADD CONSTRAINT `purchased_games_ibfk_2` FOREIGN KEY (`game_id`) REFERENCES `games` (`game_id`);
COMMIT;

/*!40101 SET CHARACTER_SET_CLIENT=@OLD_CHARACTER_SET_CLIENT */;
/*!40101 SET CHARACTER_SET_RESULTS=@OLD_CHARACTER_SET_RESULTS */;
/*!40101 SET COLLATION_CONNECTION=@OLD_COLLATION_CONNECTION */;
