-- phpMyAdmin SQL Dump
-- version 4.8.4
-- https://www.phpmyadmin.net/
--
-- Host: 127.0.0.1
-- Generation Time: Jul 25, 2023 at 09:36 AM
-- Server version: 10.1.37-MariaDB
-- PHP Version: 7.3.0

SET SQL_MODE = "NO_AUTO_VALUE_ON_ZERO";
SET AUTOCOMMIT = 0;
START TRANSACTION;
SET time_zone = "+00:00";


/*!40101 SET @OLD_CHARACTER_SET_CLIENT=@@CHARACTER_SET_CLIENT */;
/*!40101 SET @OLD_CHARACTER_SET_RESULTS=@@CHARACTER_SET_RESULTS */;
/*!40101 SET @OLD_COLLATION_CONNECTION=@@COLLATION_CONNECTION */;
/*!40101 SET NAMES utf8mb4 */;

--
-- Database: `ticketing_system`
--

-- --------------------------------------------------------

--
-- Table structure for table `audit_logs`
--

CREATE TABLE `audit_logs` (
  `id` int(11) NOT NULL,
  `access` varchar(150) DEFAULT NULL,
  `description` varchar(150) DEFAULT NULL,
  `date_created` datetime DEFAULT NULL,
  `status` varchar(50) DEFAULT NULL
) ENGINE=InnoDB DEFAULT CHARSET=latin1;

--
-- Dumping data for table `audit_logs`
--

INSERT INTO `audit_logs` (`id`, `access`, `description`, `date_created`, `status`) VALUES
(1, 'Login', 'Log in by Je', '2023-07-12 11:41:53', '1'),
(2, 'Login', 'Log in by jerrick james decena', '2023-07-12 12:04:17', '1'),
(3, 'Login', 'Log in by jerrick james decena', '2023-07-17 08:08:50', '1'),
(4, 'Login', 'Log in by  ', '2023-07-17 08:46:42', '1'),
(5, 'Login', 'Log in by  ', '2023-07-17 08:58:18', '1'),
(6, 'Login', 'Log in by jerrick james decena', '2023-07-17 10:29:17', '1'),
(7, 'Login', 'Log in by jerrick james decena', '2023-07-25 08:29:26', '1'),
(8, 'Login', 'Log in by jerrick james decena', '2023-07-25 13:56:30', '1');

-- --------------------------------------------------------

--
-- Table structure for table `company`
--

CREATE TABLE `company` (
  `id` int(12) NOT NULL,
  `company_name` varchar(120) NOT NULL,
  `status` varchar(200) DEFAULT NULL,
  `created_at` datetime DEFAULT CURRENT_TIMESTAMP,
  `deleted_at` datetime DEFAULT CURRENT_TIMESTAMP
) ENGINE=MyISAM DEFAULT CHARSET=latin1;

--
-- Dumping data for table `company`
--

INSERT INTO `company` (`id`, `company_name`, `status`, `created_at`, `deleted_at`) VALUES
(2, 'EVERFIRST', 'ACTIVE', '2022-07-20 16:46:23', '2022-07-07 10:54:53'),
(3, 'MSC', 'ACTIVE', '2022-07-21 16:46:28', '2022-07-07 10:54:53'),
(4, 'MBI', 'ACTIVE', '2022-07-22 16:46:31', '2022-07-07 10:54:53'),
(5, 'WORLDCRAFT', 'ACTIVE', '2022-07-25 16:46:33', '2022-07-07 10:54:53'),
(8, 'FMC', 'ACTIVE', '2022-07-27 16:46:39', '2022-07-28 17:14:34'),
(16, 'DDO', 'ACTIVE', '2022-10-05 08:17:14', '2022-10-05 00:17:14'),
(17, 'CDO', 'ACTIVE', '2022-10-05 08:17:22', '2022-10-05 00:17:22');

-- --------------------------------------------------------

--
-- Table structure for table `department`
--

CREATE TABLE `department` (
  `id` int(12) NOT NULL,
  `company_id` int(12) NOT NULL,
  `2ndcompany` int(12) DEFAULT NULL,
  `department_name` varchar(200) NOT NULL,
  `status` varchar(200) DEFAULT NULL,
  `created_at` datetime(6) DEFAULT NULL,
  `deleted_at` datetime DEFAULT CURRENT_TIMESTAMP
) ENGINE=MyISAM DEFAULT CHARSET=latin1;

--
-- Dumping data for table `department`
--

INSERT INTO `department` (`id`, `company_id`, `2ndcompany`, `department_name`, `status`, `created_at`, `deleted_at`) VALUES
(19, 8, NULL, 'CMG', 'ACTIVE', '2022-07-28 10:23:53.000000', '2022-07-28 10:23:53'),
(17, 3, NULL, 'ENGINEERING', 'ACTIVE', '2022-07-28 10:17:57.000000', '2022-07-28 10:17:57'),
(15, 8, NULL, 'ADVERTISING', 'ACTIVE', '2022-07-28 10:15:24.000000', '2022-07-28 10:15:24'),
(13, 8, NULL, 'IT', 'ACTIVE', '2022-07-28 10:14:27.000000', '2022-07-28 10:14:27'),
(18, 3, NULL, 'PID', 'ACTIVE', '2022-07-28 10:18:35.000000', '2022-07-28 10:18:35'),
(14, 2, NULL, 'PAYROLL', 'ACTIVE', '2022-07-28 10:14:56.000000', '2022-07-28 10:14:56'),
(12, 8, NULL, 'HR', 'ACTIVE', '2022-07-28 10:14:14.000000', '2022-08-02 11:16:55'),
(20, 8, NULL, 'TREASURY', 'ACTIVE', '2022-07-28 10:25:36.000000', '2022-07-28 10:25:36'),
(21, 4, NULL, 'ENGINEERING', 'ACTIVE', '2022-07-28 10:26:56.000000', '2022-07-28 10:26:56'),
(22, 4, NULL, 'PID', 'ACTIVE', '2022-07-28 10:27:19.000000', '2022-07-28 10:27:19'),
(23, 8, NULL, 'CNC', 'ACTIVE', '2022-07-28 10:27:32.000000', '2022-07-28 10:27:32'),
(25, 8, NULL, 'ACCOUNTING', 'ACTIVE', '2022-07-28 10:29:32.000000', '2022-07-28 10:29:32'),
(32, 8, NULL, 'WAREHOUSE', 'ACTIVE', '2022-08-09 09:11:08.000000', '2022-08-09 09:11:08'),
(59, 2, NULL, 'COLLECTION', 'ACTIVE', '2023-01-23 15:37:07.000000', '2023-01-23 07:37:07'),
(33, 2, NULL, 'OPERATIONS', 'ACTIVE', '2022-08-15 11:50:12.000000', '2022-08-15 03:50:12'),
(34, 2, NULL, 'ACCOUNTING', 'ACTIVE', '2022-08-15 11:50:23.000000', '2022-08-15 03:50:23'),
(35, 2, NULL, 'TREASURY', 'ACTIVE', '2022-08-15 11:50:36.000000', '2022-08-15 03:50:36'),
(36, 2, NULL, 'MARKETING', 'ACTIVE', '2022-08-15 11:50:46.000000', '2022-08-15 03:50:46'),
(37, 2, NULL, 'AUDIT', 'ACTIVE', '2022-08-15 11:50:56.000000', '2022-08-15 03:50:56'),
(39, 3, NULL, 'ACCOUNTING', 'ACTIVE', '2022-09-21 11:12:51.000000', '2022-09-21 03:12:51'),
(40, 3, NULL, 'SALES', 'ACTIVE', '2022-10-05 08:13:25.000000', '2022-10-05 00:13:25'),
(41, 4, NULL, 'SALES', 'ACTIVE', '2022-10-05 08:14:37.000000', '2022-10-05 00:14:37'),
(42, 16, NULL, 'SALES', 'ACTIVE', '2022-10-05 08:17:40.000000', '2022-10-05 08:20:21'),
(43, 17, NULL, 'SALES', 'ACTIVE', '2022-10-05 08:17:54.000000', '2022-10-05 00:17:54'),
(44, 8, NULL, 'FINANCE', 'ACTIVE', '2022-11-02 09:35:56.000000', '2022-11-02 01:35:56'),
(79, 5, NULL, 'WORLDCRAFT / IMUS', 'ACTIVE', '2023-02-07 08:38:53.000000', '2023-02-07 00:38:53'),
(60, 4, NULL, 'TSG', 'ACTIVE', '2023-01-24 16:09:51.000000', '2023-01-24 08:09:51'),
(51, 8, NULL, 'MARKETING', 'ACTIVE', '2022-11-02 17:06:33.000000', '2022-11-02 09:06:33'),
(78, 5, NULL, 'WORLDCRAFT', 'ACTIVE', '2023-02-07 08:30:48.000000', '2023-02-07 00:30:48'),
(57, 8, NULL, 'FAAP', 'ACTIVE', '2022-11-02 09:35:56.000000', '2022-11-02 01:35:56'),
(61, 8, NULL, 'ADMINISTRATION', 'ACTIVE', '2023-01-27 08:14:27.000000', '2023-01-27 08:14:27'),
(62, 2, NULL, 'ADMINISTRATION', 'ACTIVE', '2023-01-27 09:07:32.000000', '2023-01-27 09:07:32'),
(63, 2, NULL, 'IT', 'ACTIVE', '2023-01-27 09:50:40.000000', '2023-01-27 09:50:40'),
(64, 4, NULL, 'ACCOUNTING', 'ACTIVE', '2023-01-27 10:22:37.000000', '2023-01-27 10:22:37'),
(65, 4, NULL, 'ADMINISTRATION', 'ACTIVE', '2023-01-27 10:25:56.000000', '2023-01-27 10:25:56'),
(66, 4, NULL, 'CMG', 'ACTIVE', '2023-01-27 10:28:58.000000', '2023-01-27 10:28:58'),
(67, 4, NULL, 'CNC', 'ACTIVE', '2023-01-27 10:29:48.000000', '2023-01-27 10:29:48'),
(68, 4, NULL, 'PAYROLL', 'ACTIVE', '2023-01-27 10:34:35.000000', '2023-01-27 10:34:35'),
(69, 4, NULL, 'PID', 'ACTIVE', '2023-01-27 10:36:17.000000', '2023-01-27 10:36:17'),
(70, 4, NULL, 'SERVICE', 'ACTIVE', '2023-01-27 10:43:48.000000', '2023-01-27 10:43:48'),
(71, 8, NULL, 'AUDIT', 'ACTIVE', '2023-01-27 11:18:46.000000', '2023-01-27 11:18:46'),
(72, 8, NULL, 'PURCHASING', 'ACTIVE', '2023-01-27 11:33:22.000000', '2023-01-27 11:33:22'),
(73, 2, NULL, 'COLLECTION', 'ACTIVE', '2023-01-27 11:45:53.000000', '2023-01-27 11:45:53'),
(74, 3, NULL, 'PID', 'ACTIVE', '2023-02-07 08:04:32.000000', '2023-02-07 00:04:32'),
(75, 16, NULL, 'ADMINISTRATION', 'ACTIVE', '2023-02-07 08:08:14.000000', '2023-02-07 00:08:14'),
(76, 3, NULL, 'SALES-NORTH', 'ACTIVE', '2023-02-07 08:13:42.000000', '2023-02-07 00:13:42'),
(77, 3, NULL, 'SALES-SOUTH', 'ACTIVE', '2023-02-07 08:13:53.000000', '2023-02-07 00:13:53'),
(80, 3, NULL, 'WAREHOUSE / CALDERON', 'ACTIVE', '2023-02-07 08:41:50.000000', '2023-02-07 00:41:50'),
(81, 3, NULL, 'WAREHOUSE / BAESA', 'ACTIVE', '2023-02-07 08:43:21.000000', '2023-02-07 00:43:21'),
(82, 3, NULL, 'TREASURY', 'ACTIVE', '2023-02-07 08:45:03.000000', '2023-02-07 00:45:03'),
(84, 3, NULL, 'CDO', 'ACTIVE', '2023-04-04 07:34:34.000000', '2023-04-03 23:34:34'),
(85, 3, NULL, 'DDO', 'ACTIVE', '2023-04-04 07:37:47.000000', '2023-04-03 23:37:47'),
(87, 3, NULL, 'ADMINISTRATION', 'ACTIVE', '2023-04-04 09:56:31.000000', '2023-04-04 01:56:31'),
(88, 3, NULL, 'CMG', 'ACTIVE', '2023-04-11 08:14:51.000000', '2023-04-11 00:14:51'),
(89, 3, NULL, 'WAREHOUSE', 'ACTIVE', '2023-04-11 08:37:45.000000', '2023-04-11 00:37:45'),
(90, 3, NULL, 'CNC', 'ACTIVE', '2023-04-11 08:50:25.000000', '2023-04-11 00:50:25');

-- --------------------------------------------------------

--
-- Table structure for table `employee`
--

CREATE TABLE `employee` (
  `id` int(11) NOT NULL,
  `first_name` varchar(250) DEFAULT NULL,
  `last_name` varchar(250) DEFAULT NULL,
  `company` varchar(250) DEFAULT NULL,
  `department` varchar(150) DEFAULT NULL,
  `position` varchar(150) DEFAULT NULL,
  `date_created` datetime DEFAULT NULL,
  `status` varchar(50) DEFAULT NULL
) ENGINE=InnoDB DEFAULT CHARSET=latin1;

--
-- Dumping data for table `employee`
--

INSERT INTO `employee` (`id`, `first_name`, `last_name`, `company`, `department`, `position`, `date_created`, `status`) VALUES
(1, 'jerrick james', 'decena', 'multiline', 'IT', 'programmer', '2023-07-12 00:00:00', '1');

-- --------------------------------------------------------

--
-- Table structure for table `tbl_login`
--

CREATE TABLE `tbl_login` (
  `id` int(11) NOT NULL,
  `user_id` varchar(50) DEFAULT NULL,
  `username` varchar(255) NOT NULL,
  `password` varchar(255) NOT NULL,
  `date_created` datetime DEFAULT NULL,
  `status` varchar(50) DEFAULT NULL
) ENGINE=InnoDB DEFAULT CHARSET=latin1;

--
-- Dumping data for table `tbl_login`
--

INSERT INTO `tbl_login` (`id`, `user_id`, `username`, `password`, `date_created`, `status`) VALUES
(1, '1', 'jerrick', 'jerrick1234', '2023-07-12 00:00:00', '1'),
(2, '2', 'denzel', 'denzel1234', '2023-07-12 00:00:00', '1');

-- --------------------------------------------------------

--
-- Table structure for table `tbl_position`
--

CREATE TABLE `tbl_position` (
  `id` int(12) NOT NULL,
  `position` varchar(200) DEFAULT NULL,
  `status` varchar(200) DEFAULT NULL,
  `created_at` date DEFAULT NULL,
  `deleted_at` datetime DEFAULT CURRENT_TIMESTAMP,
  `department_id` int(12) DEFAULT NULL,
  `company_id` int(12) DEFAULT NULL
) ENGINE=MyISAM DEFAULT CHARSET=latin1;

--
-- Dumping data for table `tbl_position`
--

INSERT INTO `tbl_position` (`id`, `position`, `status`, `created_at`, `deleted_at`, `department_id`, `company_id`) VALUES
(28, 'WAREHOUSE MANAGER', 'ACTIVE', '2022-08-09', '2022-08-09 12:26:37', 32, 8),
(27, 'MANAGER FOR ADMINISTRATION', 'ACTIVE', '2022-08-09', '2022-08-09 11:59:34', 12, 8),
(26, 'GPS TRACKING STAFF', 'ACTIVE', '2022-08-09', '2022-08-09 11:18:22', 13, 8),
(21, 'IT MANAGER', 'ACTIVE', '2022-08-08', '2022-08-08 16:49:41', 13, 8),
(22, 'OIC SYSTEMS PROGRAMMER SUPERVISOR', 'ACTIVE', '2022-08-08', '2022-08-08 16:50:00', 13, 8),
(23, 'SYSTEMS PROGRAMMER', 'ACTIVE', '2022-08-08', '2022-08-08 16:50:14', 13, 8),
(29, 'LOAN PROCESSOR', 'ACTIVE', '2022-08-15', '2022-08-15 03:51:36', 33, 2),
(30, 'LOAN CONSULTANT', 'ACTIVE', '2022-08-15', '2022-08-15 03:52:03', 33, 2),
(32, 'DISTRICT MANAGER', 'ACTIVE', '2022-08-15', '2022-08-15 03:52:33', 33, 2),
(33, 'AREA SUPERVISOR', 'ACTIVE', '2022-08-15', '2022-08-15 03:52:50', 33, 2),
(34, 'SIGNATORY AND APPROVING DEPARTMENT HEAD', 'ACTIVE', '2022-08-15', '2022-08-15 03:53:03', 33, 2),
(35, 'MANAGER', 'ACTIVE', '2022-08-15', '2022-08-15 03:56:01', 34, 2),
(36, 'TREASURY SUPERVISOR - EF', 'ACTIVE', '2022-08-15', '2022-08-15 03:56:13', 35, 2),
(37, 'MANAGER', 'ACTIVE', '2022-08-15', '2022-08-15 03:56:26', 36, 2),
(38, 'AUDIT HEAD', 'ACTIVE', '2022-08-15', '2022-08-15 03:56:36', 37, 2),
(39, 'OPERATIONS MANAGER', 'ACTIVE', '2022-08-16', '2022-08-16 03:20:20', 33, 2),
(40, 'CNC MANAGER', 'ACTIVE', '2022-08-16', '2022-08-16 05:33:25', 23, 8),
(41, 'PROJECT MANAGER', 'ACTIVE', '2022-08-18', '2022-08-18 00:34:50', 21, 4),
(42, 'CAD SUPERVISOR', 'ACTIVE', '2022-08-18', '2022-08-18 00:37:30', 21, 4),
(43, 'OIC ENGINEERING MANAGER', 'ACTIVE', '2022-08-18', '2022-08-18 00:47:38', 17, 3),
(44, 'ACCOUNTING ASSISTANT', 'ACTIVE', '2022-09-21', '2022-09-21 03:13:57', 25, 8),
(45, 'TREASURY ASSISTANT', 'ACTIVE', '2022-09-21', '2022-09-21 03:17:12', 20, 8),
(46, 'PID OPERATIONS MANAGER', 'ACTIVE', '2022-10-05', '2022-10-05 00:10:45', 22, 4),
(47, 'SALES MANAGER', 'ACTIVE', '2022-10-05', '2022-10-05 00:13:42', 40, 3),
(48, 'SALES MANAGER', 'ACTIVE', '2022-10-05', '2022-10-05 00:14:55', 41, 4),
(49, 'SALES MANAGER', 'ACTIVE', '2022-10-05', '2022-10-05 00:18:22', 42, 16),
(50, 'SALES MANAGER', 'ACTIVE', '2022-10-05', '2022-10-05 00:21:10', 43, 17),
(51, 'SALES MANAGER', 'ACTIVE', '2022-10-05', '2022-10-05 00:21:32', 42, 16),
(52, 'MANAGER', 'ACTIVE', '2022-10-19', '2022-10-19 07:01:22', 18, 3),
(53, 'MANAGER', 'ACTIVE', '2022-10-20', '2022-10-20 00:26:34', 39, 3),
(54, 'COMPLIANCE OFFICER', 'ACTIVE', '2022-11-02', '2022-11-02 01:36:22', 44, 8),
(171, 'COMPANY DRIVER', 'ACTIVE', '2023-02-07', '2023-02-07 00:31:14', 78, 5),
(57, 'FINANCE MANAGER', 'ACTIVE', '2022-11-02', '2022-11-02 06:07:12', 44, 8),
(58, 'MANAGER', 'ACTIVE', '2022-11-02', '2022-11-02 09:06:44', 51, 8),
(59, 'CMG MANAGER', 'ACTIVE', '2022-11-02', '2022-11-02 09:15:30', 19, 8),
(198, 'CDO OPERATIONS MANAGER', 'ACTIVE', '2023-02-07', '2023-02-07 06:14:47', 43, 17),
(62, 'COLLECTION HEAD', 'ACTIVE', '2023-01-24', '2023-01-24 07:33:33', 59, 8),
(63, 'MANAGER', 'ACTIVE', '2023-01-24', '2023-01-24 07:51:46', 14, 2),
(64, 'TSG MANAGER', 'ACTIVE', '2023-01-24', '2023-01-24 08:10:10', 60, 4),
(65, 'COMPANY PRESIDENT', 'ACTIVE', '2023-01-27', '2023-01-27 08:16:41', 61, 8),
(66, 'TRAINING MANAGER', 'ACTIVE', '2023-01-27', '2023-01-27 08:56:13', 33, 2),
(67, 'ACCOUNTING ASSISTANT', 'ACTIVE', '2023-01-27', '2023-01-27 09:03:08', 34, 2),
(68, 'ACCOUNTING SUPERVISOR', 'ACTIVE', '2023-01-27', '2023-01-27 09:03:48', 34, 2),
(69, 'BOOKKEEPER', 'ACTIVE', '2023-01-27', '2023-01-27 09:04:21', 34, 2),
(70, 'FILING CLERK', 'ACTIVE', '2023-01-27', '2023-01-27 09:04:51', 34, 2),
(71, 'OIC ACCOUNTING SUPERVISOR', 'ACTIVE', '2023-01-27', '2023-01-27 09:05:18', 34, 2),
(72, 'HR ASSISTANT', 'ACTIVE', '2023-01-27', '2023-01-27 09:10:36', 62, 2),
(73, 'PAYROLL SUPERVISOR', 'ACTIVE', '2023-01-27', '2023-01-27 09:22:53', 62, 2),
(165, 'COLLECTION HEAD', 'ACTIVE', '2023-01-30', '2023-01-30 15:28:17', 73, 2),
(74, 'AUDIT ASSISTANT', 'ACTIVE', '2023-01-27', '2023-01-27 09:40:01', 37, 2),
(75, 'CUSTOMER SERVICE REPRESENTATIVE', 'ACTIVE', '2023-01-27', '2023-01-27 09:40:37', 37, 2),
(76, 'COLLECTION ASSISTANT', 'ACTIVE', '2023-01-27', '2023-01-27 09:47:58', 59, 2),
(77, 'IT TECHNICIAN', 'ACTIVE', '2023-01-27', '2023-01-27 09:51:10', 63, 2),
(78, 'LAYOUT ARTIST', 'ACTIVE', '2023-01-27', '2023-01-27 09:52:50', 36, 2),
(79, 'MARKETING ASSISTANT', 'ACTIVE', '2023-01-27', '2023-01-27 09:53:07', 36, 2),
(80, 'FIELD MARKETING ASSISTANT', 'ACTIVE', '2023-01-27', '2023-01-27 09:54:07', 36, 2),
(81, 'ONLINE LOAN CONSULTANT', 'ACTIVE', '2023-01-27', '2023-01-27 09:54:32', 36, 2),
(82, 'ASSISTANT TRAINER', 'ACTIVE', '2023-01-27', '2023-01-27 09:56:55', 33, 2),
(83, 'BRANCH HEAD - OIC', 'ACTIVE', '2023-01-27', '2023-01-27 09:57:27', 33, 2),
(84, 'CI/COLLECTOR', 'ACTIVE', '2023-01-27', '2023-01-27 09:58:16', 33, 2),
(85, 'JANITOR', 'ACTIVE', '2023-01-27', '2023-01-27 09:58:29', 33, 2),
(86, 'LMS ADMINISTRATOR', 'ACTIVE', '2023-01-27', '2023-01-27 09:59:12', 33, 2),
(87, 'APPROVING OFFICER', 'ACTIVE', '2023-01-27', '2023-01-27 10:00:35', 33, 2),
(88, 'BRANCH HEAD', 'ACTIVE', '2023-01-27', '2023-01-27 10:01:14', 33, 2),
(89, 'LOAN CONSULTANT', 'ACTIVE', '2023-01-27', '2023-01-27 10:01:42', 33, 2),
(90, 'RECEIVING CLERK', 'ACTIVE', '2023-01-27', '2023-01-27 10:05:00', 33, 2),
(91, 'VERIFIER', 'ACTIVE', '2023-01-27', '2023-01-27 10:05:58', 33, 2),
(92, 'RECEIVING / BANK RUNNER', 'ACTIVE', '2023-01-27', '2023-01-27 10:08:43', 35, 2),
(93, 'TREASURY ASSISTANT', 'ACTIVE', '2023-01-27', '2023-01-27 10:09:07', 35, 2),
(94, 'ICC', 'ACTIVE', '2023-01-27', '2023-01-27 10:22:59', 64, 4),
(95, 'ACCOUNTING ASSISTANT', 'ACTIVE', '2023-01-27', '2023-01-27 10:23:18', 64, 4),
(96, 'ACCOUNTING SUPERVISOR', 'ACTIVE', '2023-01-27', '2023-01-27 10:23:34', 64, 4),
(97, 'GENERAL MANAGER', 'ACTIVE', '2023-01-27', '2023-01-27 10:26:19', 65, 4),
(98, 'CMG 2 ASSISTANT', 'ACTIVE', '2023-01-27', '2023-01-27 10:29:30', 66, 4),
(99, 'C & C ASSISTANT', 'ACTIVE', '2023-01-27', '2023-01-27 10:30:19', 67, 4),
(100, 'SYSTEM DESIGN ENGINEER', 'ACTIVE', '2023-01-27', '2023-01-27 10:31:29', 21, 4),
(101, 'OFFICE STAFF', 'ACTIVE', '2023-01-27', '2023-01-27 10:32:12', 21, 4),
(102, 'ENGINEERING MANAGER', 'ACTIVE', '2023-01-27', '2023-01-27 10:32:53', 21, 4),
(103, 'ENGINEERING SUPERVISOR', 'ACTIVE', '2023-01-27', '2023-01-27 10:33:31', 21, 4),
(104, 'CAD OPERATOR', 'ACTIVE', '2023-01-27', '2023-01-27 10:34:02', 21, 4),
(105, 'PAYROLL ASSISTANT', 'ACTIVE', '2023-01-27', '2023-01-27 10:35:53', 68, 4),
(106, 'PROJECT ENGINEER', 'ACTIVE', '2023-01-27', '2023-01-27 10:36:48', 69, 4),
(107, 'PID OPERATIONS MANAGER', 'ACTIVE', '2023-01-27', '2023-01-27 10:37:10', 69, 4),
(108, 'PID COORDINATOR', 'ACTIVE', '2023-01-27', '2023-01-27 10:38:59', 69, 4),
(109, 'PROJECT MANAGER', 'ACTIVE', '2023-01-27', '2023-01-27 10:39:26', 69, 4),
(110, 'COMPANY DRIVER', 'ACTIVE', '2023-01-27', '2023-01-27 10:40:02', 41, 4),
(111, 'PRODUCT SALES CONSULTANT', 'ACTIVE', '2023-01-27', '2023-01-27 10:40:46', 41, 4),
(112, 'SALES ACCOUNT SPECIALIST', 'ACTIVE', '2023-01-27', '2023-01-27 10:41:10', 41, 4),
(113, 'OFFICE STAFF', 'ACTIVE', '2023-01-27', '2023-01-27 10:41:35', 41, 4),
(114, 'OIC SALES SUPERVISOR FOR DEALER SALES', 'ACTIVE', '2023-01-27', '2023-01-27 10:41:58', 41, 4),
(164, 'SERVICE MANAGER', 'ACTIVE', '2023-01-27', '2023-01-27 15:05:37', 70, 4),
(115, 'SERVICE ENGINEER', 'ACTIVE', '2023-01-27', '2023-01-27 10:45:11', 70, 4),
(116, 'SERVICE SUPERVISOR', 'ACTIVE', '2023-01-27', '2023-01-27 10:45:23', 70, 4),
(117, 'SERVICE TECHNICIAN', 'ACTIVE', '2023-01-27', '2023-01-27 10:46:14', 70, 4),
(118, 'COMMISSIONING ENGINEER', 'ACTIVE', '2023-01-27', '2023-01-27 10:48:06', 60, 4),
(119, 'OIC TSG SUPERVISOR', 'ACTIVE', '2023-01-27', '2023-01-27 10:48:29', 60, 4),
(120, 'CHIEF ACCOUNTANT MSC', 'ACTIVE', '2023-01-27', '2023-01-27 11:05:53', 39, 3),
(121, 'CHIEF ACCOUNTANT EF', 'ACTIVE', '2023-01-27', '2023-01-27 11:06:34', 34, 2),
(122, 'CHIEF ACCOUNTANT MBI', 'ACTIVE', '2023-01-27', '2023-01-27 11:06:57', 64, 4),
(123, 'GENERAL ACCOUNTANT', 'ACTIVE', '2023-01-27', '2023-01-27 11:11:30', 25, 8),
(124, 'COMPANY DRIVER', 'ACTIVE', '2023-01-27', '2023-01-27 11:12:46', 61, 8),
(125, 'VP FOR FINANCE AND ADMIN', 'ACTIVE', '2023-01-27', '2023-01-27 11:13:33', 61, 8),
(126, 'RECEPTIONIST', 'ACTIVE', '2023-01-27', '2023-01-27 11:14:00', 61, 8),
(127, 'OIC SALES AND OPERATIONS MANAGER', 'ACTIVE', '2023-01-27', '2023-01-27 11:14:29', 61, 8),
(128, 'JANITOR', 'ACTIVE', '2023-01-27', '2023-01-27 11:14:40', 61, 8),
(129, 'ONLINE MARKETING ASSISTANT', 'ACTIVE', '2023-01-27', '2023-01-27 11:15:43', 15, 8),
(130, 'ADVERTISING SUPERVISOR', 'ACTIVE', '2023-01-27', '2023-01-27 11:16:36', 15, 8),
(131, 'WEB DEVELOPER', 'ACTIVE', '2023-01-27', '2023-01-27 11:17:23', 15, 8),
(132, 'ADVERTISING ASSISTANT', 'ACTIVE', '2023-01-27', '2023-01-27 11:17:39', 15, 8),
(133, 'AUDIT ASSISTANT', 'ACTIVE', '2023-01-27', '2023-01-27 11:19:35', 71, 8),
(134, 'AUDIT HEAD', 'ACTIVE', '2023-01-27', '2023-01-27 11:19:51', 71, 8),
(135, 'MESSENGER', 'ACTIVE', '2023-01-27', '2023-01-27 11:24:04', 23, 8),
(136, 'FINANCIAL ANALYSIS AND PLANNING MANAGER', 'ACTIVE', '2023-01-27', '2023-01-27 11:25:42', 57, 8),
(137, 'FINANCIAL ANALYST', 'ACTIVE', '2023-01-27', '2023-01-27 11:26:02', 57, 8),
(138, 'AVP FOR FINANCE', 'ACTIVE', '2023-01-27', '2023-01-27 11:27:31', 44, 8),
(139, 'HR ASSISTANT', 'ACTIVE', '2023-01-27', '2023-01-27 11:28:39', 12, 8),
(140, 'HR STAFF ( RIDER )', 'ACTIVE', '2023-01-27', '2023-01-27 11:29:06', 12, 8),
(141, 'IT TECHNICIAN', 'ACTIVE', '2023-01-27', '2023-01-27 11:30:52', 13, 8),
(142, 'JUNIOR SYSTEMS PROGRAMMER', 'ACTIVE', '2023-01-27', '2023-01-27 11:31:47', 13, 8),
(143, 'GPS TECHNICIAN', 'ACTIVE', '2023-01-27', '2023-01-27 11:32:14', 13, 8),
(144, 'SYSTEM SUPPORT STAFF', 'ACTIVE', '2023-01-27', '2023-01-27 11:32:30', 13, 8),
(145, 'PROCUREMENT MANAGER', 'ACTIVE', '2023-01-27', '2023-01-27 11:33:57', 72, 8),
(146, 'PURCHASING SUPERVISOR', 'ACTIVE', '2023-01-27', '2023-01-27 11:34:15', 72, 8),
(147, 'PURCHASER', 'ACTIVE', '2023-01-27', '2023-01-27 11:34:50', 72, 8),
(148, 'PURCHASING ASSISTANT', 'ACTIVE', '2023-01-27', '2023-01-27 11:35:04', 72, 8),
(149, 'COMPANY DRIVER', 'ACTIVE', '2023-01-27', '2023-01-27 11:35:23', 72, 8),
(150, 'IMPORT ASSISTANT', 'ACTIVE', '2023-01-27', '2023-01-27 11:35:42', 72, 8),
(151, 'PURCHASING OFFICE STAFF', 'ACTIVE', '2023-01-27', '2023-01-27 11:36:04', 72, 8),
(152, 'BANK RUNNER', 'ACTIVE', '2023-01-27', '2023-01-27 11:36:53', 20, 8),
(153, 'TREASURY MANAGER', 'ACTIVE', '2023-01-27', '2023-01-27 11:38:39', 20, 8),
(154, 'TREASURY ASSISTANT SUPERVISOR', 'ACTIVE', '2023-01-27', '2023-01-27 11:40:02', 20, 8),
(155, 'WAREHOUSE HELPER', 'ACTIVE', '2023-01-27', '2023-01-27 11:40:55', 32, 8),
(156, 'LOGISTIC ASSISTANT', 'ACTIVE', '2023-01-27', '2023-01-27 11:41:10', 32, 8),
(157, 'DOCUMENTATION CLERK', 'ACTIVE', '2023-01-27', '2023-01-27 11:41:47', 32, 8),
(158, 'ASSISTANT MECHANIC', 'ACTIVE', '2023-01-27', '2023-01-27 11:42:17', 32, 8),
(159, 'REACH TRUCK OPERATOR / HELPER', 'ACTIVE', '2023-01-27', '2023-01-27 11:42:39', 32, 8),
(160, 'REACH TRUCK OPERATOR', 'ACTIVE', '2023-01-27', '2023-01-27 11:43:05', 32, 8),
(161, 'WAREHOUSE MAN', 'ACTIVE', '2023-01-27', '2023-01-27 11:43:20', 32, 8),
(162, 'WAREHOUSE DRIVER', 'ACTIVE', '2023-01-27', '2023-01-27 11:43:39', 32, 8),
(163, 'SYSTEM ADMIN', 'ACTIVE', '2023-01-27', '2023-01-27 13:30:08', 13, 8),
(166, 'PID OPERATIONS MANAGER', 'ACTIVE', '2023-02-07', '2023-02-07 00:05:07', 74, 3),
(167, 'OIC - OPERATIONS MANAGER', 'ACTIVE', '2023-02-07', '2023-02-07 00:08:38', 75, 16),
(168, 'BUSINESS DEVELOPMENT MANAGER', 'ACTIVE', '2023-02-07', '2023-02-07 00:11:27', 40, 3),
(169, 'DISTRICT SALES MANAGER', 'ACTIVE', '2023-02-07', '2023-02-07 00:14:40', 76, 3),
(170, 'DISTRICT SALES MANAGER', 'ACTIVE', '2023-02-07', '2023-02-07 00:15:06', 77, 3),
(172, 'SALES AND OPERATIONS MANAGER', 'ACTIVE', '2023-02-07', '2023-02-07 00:32:03', 78, 5),
(173, 'BUSINESS DEVELOPMENT CONSULTANT', 'ACTIVE', '2023-02-07', '2023-02-07 00:32:21', 78, 5),
(174, 'SALES COORDINATOR', 'ACTIVE', '2023-02-07', '2023-02-07 00:32:36', 78, 5),
(175, 'FILING CLERK', 'ACTIVE', '2023-02-07', '2023-02-07 00:36:19', 39, 3),
(176, 'ACCOUNTING ASSISTANT', 'ACTIVE', '2023-02-07', '2023-02-07 00:36:47', 39, 3),
(177, 'GENERAL ACCOUNTANT', 'ACTIVE', '2023-02-07', '2023-02-07 00:37:08', 39, 3),
(178, 'INVENTORY CONTROL CLERK', 'ACTIVE', '2023-02-07', '2023-02-07 00:37:25', 39, 3),
(179, 'DOCUMENTATION CLERK', 'ACTIVE', '2023-02-07', '2023-02-07 00:39:12', 79, 5),
(180, 'REACHTRUCK OPERATOR', 'ACTIVE', '2023-02-07', '2023-02-07 00:39:27', 79, 5),
(181, 'BUSINESS DEVELOPMENT CONSULTANT', 'ACTIVE', '2023-02-07', '2023-02-07 00:39:51', 79, 5),
(182, 'WAREHOUSE IN-CHARGE', 'ACTIVE', '2023-02-07', '2023-02-07 00:40:11', 79, 5),
(183, 'WAREHOUSE HELPER / DRIVER', 'ACTIVE', '2023-02-07', '2023-02-07 00:40:26', 79, 5),
(184, 'INVENTORY CONTROL CLERK', 'ACTIVE', '2023-02-07', '2023-02-07 00:40:42', 79, 5),
(185, 'STORE-IN-CHARGE', 'ACTIVE', '2023-02-07', '2023-02-07 00:41:02', 79, 5),
(186, 'WAREHOUSE HELPER', 'ACTIVE', '2023-02-07', '2023-02-07 00:42:14', 80, 3),
(187, 'DOCUMENTATION CLERK', 'ACTIVE', '2023-02-07', '2023-02-07 00:43:45', 81, 3),
(188, 'COMPANY DRIVER', 'ACTIVE', '2023-02-07', '2023-02-07 00:44:02', 81, 3),
(189, 'LOGISTIC SUPERVISOR', 'ACTIVE', '2023-02-07', '2023-02-07 00:44:17', 81, 3),
(190, 'WORLDCRAFT CASHIER', 'ACTIVE', '2023-02-07', '2023-02-07 00:45:28', 82, 3),
(191, 'COMPANY DRIVER', 'ACTIVE', '2023-02-07', '2023-02-07 00:46:20', 77, 3),
(192, 'PRODUCT SALES CONSULTANT', 'ACTIVE', '2023-02-07', '2023-02-07 00:46:36', 77, 3),
(193, 'SALES ACCOUNT SPECIALIST', 'ACTIVE', '2023-02-07', '2023-02-07 00:46:54', 77, 3),
(194, 'PRODUCT SALES CONSULTANT', 'ACTIVE', '2023-02-07', '2023-02-07 00:48:04', 76, 3),
(195, 'SALES ACCOUNT SPECIALIST', 'ACTIVE', '2023-02-07', '2023-02-07 00:48:19', 76, 3),
(196, 'COMPANY DRIVER', 'ACTIVE', '2023-02-07', '2023-02-07 00:48:30', 76, 3),
(197, 'SALES COORDINATOR', 'ACTIVE', '2023-02-07', '2023-02-07 00:49:34', 40, 3),
(199, 'SYSTEM DOCUMENTATION STAFF', 'ACTIVE', '2023-03-14', '2023-03-14 06:16:16', 13, 8),
(200, 'CDO OPERATIONS MANAGER', 'ACTIVE', '2023-04-04', '2023-04-03 23:34:53', 84, 3),
(201, 'DDO OPERATIONS MANAGER', 'ACTIVE', '2023-04-04', '2023-04-03 23:38:08', 85, 3),
(202, 'WAREHOUSE SUPERVISOR', 'ACTIVE', '2023-04-04', '2023-04-04 00:41:38', 84, 3),
(206, 'BRANCH ADMIN SUPERVISOR', 'ACTIVE', '2023-04-04', '2023-04-04 03:20:37', 84, 3),
(205, 'BRANCH ADMIN SUPERVISOR', 'ACTIVE', '2023-04-04', '2023-04-04 01:56:52', 87, 3),
(207, 'ASSISTANT CMG / PURCHASING', 'ACTIVE', '2023-04-11', '2023-04-11 00:15:35', 88, 3),
(208, 'INVENTORY CONTROL CLERK', 'ACTIVE', '2023-04-11', '2023-04-11 00:38:10', 89, 3),
(209, 'WAREHOUSE INCHARGE', 'ACTIVE', '2023-04-11', '2023-04-11 00:41:22', 89, 3),
(210, 'CNC ASSISTANT', 'ACTIVE', '2023-04-11', '2023-04-11 00:50:52', 90, 3),
(211, 'OFFICE COORDINATOR', 'ACTIVE', '2023-04-11', '2023-04-11 00:57:34', 87, 3),
(212, 'COLLECTION AND COMPLIANCE ASSISTANT', 'ACTIVE', '2023-04-11', '2023-04-11 01:13:54', 90, 3);

-- --------------------------------------------------------

--
-- Table structure for table `users`
--

CREATE TABLE `users` (
  `user_id` int(11) NOT NULL,
  `first_name` varchar(50) DEFAULT NULL,
  `last_name` varchar(50) DEFAULT NULL,
  `company_name` varchar(100) DEFAULT NULL,
  `department_name` varchar(100) DEFAULT NULL,
  `position` varchar(100) DEFAULT NULL,
  `role_name` varchar(50) DEFAULT NULL
) ENGINE=InnoDB DEFAULT CHARSET=latin1;

--
-- Dumping data for table `users`
--

INSERT INTO `users` (`user_id`, `first_name`, `last_name`, `company_name`, `department_name`, `position`, `role_name`) VALUES
(0, 'patrick', 'papa', '2', '14', '63', NULL);

-- --------------------------------------------------------

--
-- Table structure for table `user_access`
--

CREATE TABLE `user_access` (
  `id` int(11) NOT NULL,
  `user_id` varchar(50) DEFAULT NULL,
  `role_id` varchar(50) DEFAULT NULL,
  `date_created` datetime DEFAULT NULL,
  `status` varchar(50) DEFAULT NULL
) ENGINE=InnoDB DEFAULT CHARSET=latin1;

--
-- Dumping data for table `user_access`
--

INSERT INTO `user_access` (`id`, `user_id`, `role_id`, `date_created`, `status`) VALUES
(1, '1', '1', '2023-07-12 00:00:00', '0'),
(2, '1', '2', '2023-07-12 00:00:00', '1'),
(3, '1', '3', '2023-07-12 00:00:00', '1');

-- --------------------------------------------------------

--
-- Table structure for table `user_role`
--

CREATE TABLE `user_role` (
  `id` int(11) NOT NULL,
  `role_name` varchar(255) NOT NULL
) ENGINE=InnoDB DEFAULT CHARSET=latin1;

--
-- Dumping data for table `user_role`
--

INSERT INTO `user_role` (`id`, `role_name`) VALUES
(1, 'requestor'),
(2, 'it_support'),
(3, 'admin');

--
-- Indexes for dumped tables
--

--
-- Indexes for table `audit_logs`
--
ALTER TABLE `audit_logs`
  ADD PRIMARY KEY (`id`);

--
-- Indexes for table `company`
--
ALTER TABLE `company`
  ADD PRIMARY KEY (`id`);

--
-- Indexes for table `department`
--
ALTER TABLE `department`
  ADD PRIMARY KEY (`id`),
  ADD KEY `fk_department_company_id` (`company_id`);

--
-- Indexes for table `employee`
--
ALTER TABLE `employee`
  ADD PRIMARY KEY (`id`);

--
-- Indexes for table `tbl_login`
--
ALTER TABLE `tbl_login`
  ADD PRIMARY KEY (`id`);

--
-- Indexes for table `tbl_position`
--
ALTER TABLE `tbl_position`
  ADD PRIMARY KEY (`id`),
  ADD KEY `fk_tbl_position_department_id` (`department_id`),
  ADD KEY `fk_tbl_position_company_id` (`company_id`);

--
-- Indexes for table `users`
--
ALTER TABLE `users`
  ADD PRIMARY KEY (`user_id`);

--
-- Indexes for table `user_access`
--
ALTER TABLE `user_access`
  ADD PRIMARY KEY (`id`);

--
-- Indexes for table `user_role`
--
ALTER TABLE `user_role`
  ADD PRIMARY KEY (`id`);

--
-- AUTO_INCREMENT for dumped tables
--

--
-- AUTO_INCREMENT for table `audit_logs`
--
ALTER TABLE `audit_logs`
  MODIFY `id` int(11) NOT NULL AUTO_INCREMENT, AUTO_INCREMENT=9;

--
-- AUTO_INCREMENT for table `company`
--
ALTER TABLE `company`
  MODIFY `id` int(12) NOT NULL AUTO_INCREMENT, AUTO_INCREMENT=18;

--
-- AUTO_INCREMENT for table `department`
--
ALTER TABLE `department`
  MODIFY `id` int(12) NOT NULL AUTO_INCREMENT, AUTO_INCREMENT=91;

--
-- AUTO_INCREMENT for table `employee`
--
ALTER TABLE `employee`
  MODIFY `id` int(11) NOT NULL AUTO_INCREMENT, AUTO_INCREMENT=2;

--
-- AUTO_INCREMENT for table `tbl_login`
--
ALTER TABLE `tbl_login`
  MODIFY `id` int(11) NOT NULL AUTO_INCREMENT, AUTO_INCREMENT=3;

--
-- AUTO_INCREMENT for table `tbl_position`
--
ALTER TABLE `tbl_position`
  MODIFY `id` int(12) NOT NULL AUTO_INCREMENT, AUTO_INCREMENT=213;

--
-- AUTO_INCREMENT for table `user_access`
--
ALTER TABLE `user_access`
  MODIFY `id` int(11) NOT NULL AUTO_INCREMENT, AUTO_INCREMENT=4;

--
-- AUTO_INCREMENT for table `user_role`
--
ALTER TABLE `user_role`
  MODIFY `id` int(11) NOT NULL AUTO_INCREMENT, AUTO_INCREMENT=6;
COMMIT;

/*!40101 SET CHARACTER_SET_CLIENT=@OLD_CHARACTER_SET_CLIENT */;
/*!40101 SET CHARACTER_SET_RESULTS=@OLD_CHARACTER_SET_RESULTS */;
/*!40101 SET COLLATION_CONNECTION=@OLD_COLLATION_CONNECTION */;
